timeStamp,elapsed,label,responseCode,responseMessage,threadName,dataType,success,failureMessage,bytes,sentBytes,grpThreads,allThreads,Latency,IdleTime,Connect
1505669640369,78571,10.10.0.101 CPU usage in %,,,,,true,,0,0,0,0,0,0,0
1505669641369,76767,10.10.0.102 CPU usage in %,,,,,true,,0,0,0,0,0,0,0
1505669641370,70050,10.10.0.103 CPU usage in %,,,,,true,,0,0,0,0,0,0,0
1505669641370,88442,10.10.0.101 CPU usage in %,,,,,true,,0,0,0,0,0,0,0
1505669642370,63775,10.10.0.102 CPU usage in %,,,,,true,,0,0,0,0,0,0,0
1505669642370,57711,10.10.0.103 CPU usage in %,,,,,true,,0,0,0,0,0,0,0
1505669642371,66500,10.10.0.101 CPU usage in %,,,,,true,,0,0,0,0,0,0,0
1505669643371,61654,10.10.0.102 CPU usage in %,,,,,true,,0,0,0,0,0,0,0
1505669643371,74626,10.10.0.103 CPU usage in %,,,,,true,,0,0,0,0,0,0,0
1505669643371,54567,10.10.0.101 CPU usage in %,,,,,true,,0,0,0,0,0,0,0
1505669644372,60150,10.10.0.102 CPU usage in %,,,,,true,,0,0,0,0,0,0,0
1505669644372,84615,10.10.0.103 CPU usage in %,,,,,true,,0,0,0,0,0,0,0
1505669644372,68159,10.10.0.101 CPU usage in %,,,,,true,,0,0,0,0,0,0,0
1505669645372,75566,10.10.0.102 CPU usage in %,,,,,true,,0,0,0,0,0,0,0
1505669645372,65743,10.10.0.103 CPU usage in %,,,,,true,,0,0,0,0,0,0,0
1505669645373,58227,10.10.0.101 CPU usage in %,,,,,true,,0,0,0,0,0,0,0
1505669646373,59351,10.10.0.102 CPU usage in %,,,,,true,,0,0,0,0,0,0,0
1505669646373,54936,10.10.0.103 CPU usage in %,,,,,true,,0,0,0,0,0,0,0
1505669646373,90201,10.10.0.101 CPU usage in %,,,,,true,,0,0,0,0,0,0,0
1505669647374,63750,10.10.0.102 CPU usage in %,,,,,true,,0,0,0,0,0,0,0
1505669647374,56790,10.10.0.103 CPU usage in %,,,,,true,,0,0,0,0,0,0,0
1505669647374,81313,10.10.0.101 CPU usage in %,,,,,true,,0,0,0,0,0,0,0
1505669648374,81909,10.10.0.102 CPU usage in %,,,,,true,,0,0,0,0,0,0,0
1505669648374,73164,10.10.0.103 CPU usage in %,,,,,true,,0,0,0,0,0,0,0
1505669648375,75443,10.10.0.101 CPU usage in %,,,,,true,,0,0,0,0,0,0,0
1505669649375,51249,10.10.0.102 CPU usage in %,,,,,true,,0,0,0,0,0,0,0
1505669649375,46095,10.10.0.103 CPU usage in %,,,,,true,,0,0,0,0,0,0,0
1505669649375,60305,10.10.0.101 CPU usage in %,,,,,true,,0,0,0,0,0,0,0
1505669650376,45614,10.10.0.102 CPU usage in %,,,,,true,,0,0,0,0,0,0,0
1505669650376,50507,10.10.0.103 CPU usage in %,,,,,true,,0,0,0,0,0,0,0
1505669650376,40594,10.10.0.101 CPU usage in %,,,,,true,,0,0,0,0,0,0,0
1505669651376,46310,10.10.0.102 CPU usage in %,,,,,true,,0,0,0,0,0,0,0
1505669651376,40298,10.10.0.103 CPU usage in %,,,,,true,,0,0,0,0,0,0,0
1505669651376,41309,10.10.0.101 CPU usage in %,,,,,true,,0,0,0,0,0,0,0
1505669652377,50377,10.10.0.102 CPU usage in %,,,,,true,,0,0,0,0,0,0,0
1505669652377,57070,10.10.0.103 CPU usage in %,,,,,true,,0,0,0,0,0,0,0
1505669652377,29250,10.10.0.101 CPU usage in %,,,,,true,,0,0,0,0,0,0,0
1505669653377,37055,10.10.0.102 CPU usage in %,,,,,true,,0,0,0,0,0,0,0
1505669653377,40250,10.10.0.103 CPU usage in %,,,,,true,,0,0,0,0,0,0,0
1505669653377,30541,10.10.0.101 CPU usage in %,,,,,true,,0,0,0,0,0,0,0
1505669654377,32653,10.10.0.102 CPU usage in %,,,,,true,,0,0,0,0,0,0,0
1505669654377,36633,10.10.0.103 CPU usage in %,,,,,true,,0,0,0,0,0,0,0
1505669654378,32569,10.10.0.101 CPU usage in %,,,,,true,,0,0,0,0,0,0,0
1505669655378,29545,10.10.0.102 CPU usage in %,,,,,true,,0,0,0,0,0,0,0
1505669655378,25252,10.10.0.103 CPU usage in %,,,,,true,,0,0,0,0,0,0,0
1505669655378,31250,10.10.0.101 CPU usage in %,,,,,true,,0,0,0,0,0,0,0
1505669656378,33915,10.10.0.102 CPU usage in %,,,,,true,,0,0,0,0,0,0,0
1505669656378,31645,10.10.0.103 CPU usage in %,,,,,true,,0,0,0,0,0,0,0
1505669656378,30303,10.10.0.101 CPU usage in %,,,,,true,,0,0,0,0,0,0,0
1505669657379,26923,10.10.0.102 CPU usage in %,,,,,true,,0,0,0,0,0,0,0
1505669657379,27930,10.10.0.103 CPU usage in %,,,,,true,,0,0,0,0,0,0,0
1505669657379,26550,10.10.0.101 CPU usage in %,,,,,true,,0,0,0,0,0,0,0
1505669658379,26785,10.10.0.102 CPU usage in %,,,,,true,,0,0,0,0,0,0,0
1505669658379,32151,10.10.0.103 CPU usage in %,,,,,true,,0,0,0,0,0,0,0
1505669658379,33418,10.10.0.101 CPU usage in %,,,,,true,,0,0,0,0,0,0,0
1505669659380,32169,10.10.0.102 CPU usage in %,,,,,true,,0,0,0,0,0,0,0
1505669659380,33169,10.10.0.103 CPU usage in %,,,,,true,,0,0,0,0,0,0,0
1505669659380,31725,10.10.0.101 CPU usage in %,,,,,true,,0,0,0,0,0,0,0
1505669660380,23724,10.10.0.102 CPU usage in %,,,,,true,,0,0,0,0,0,0,0
1505669660380,35012,10.10.0.103 CPU usage in %,,,,,true,,0,0,0,0,0,0,0
1505669660380,31407,10.10.0.101 CPU usage in %,,,,,true,,0,0,0,0,0,0,0
1505669661381,26448,10.10.0.102 CPU usage in %,,,,,true,,0,0,0,0,0,0,0
1505669661381,49009,10.10.0.103 CPU usage in %,,,,,true,,0,0,0,0,0,0,0
1505669661381,34256,10.10.0.101 CPU usage in %,,,,,true,,0,0,0,0,0,0,0
1505669662381,40399,10.10.0.102 CPU usage in %,,,,,true,,0,0,0,0,0,0,0
1505669662381,48129,10.10.0.103 CPU usage in %,,,,,true,,0,0,0,0,0,0,0
1505669662381,49373,10.10.0.101 CPU usage in %,,,,,true,,0,0,0,0,0,0,0
1505669663382,56818,10.10.0.102 CPU usage in %,,,,,true,,0,0,0,0,0,0,0
1505669663382,31909,10.10.0.103 CPU usage in %,,,,,true,,0,0,0,0,0,0,0
1505669663382,53884,10.10.0.101 CPU usage in %,,,,,true,,0,0,0,0,0,0,0
1505669664382,28900,10.10.0.102 CPU usage in %,,,,,true,,0,0,0,0,0,0,0
1505669664382,43718,10.10.0.103 CPU usage in %,,,,,true,,0,0,0,0,0,0,0
1505669664382,47029,10.10.0.101 CPU usage in %,,,,,true,,0,0,0,0,0,0,0
1505669665383,30150,10.10.0.102 CPU usage in %,,,,,true,,0,0,0,0,0,0,0
1505669665383,48724,10.10.0.103 CPU usage in %,,,,,true,,0,0,0,0,0,0,0
1505669665383,35175,10.10.0.101 CPU usage in %,,,,,true,,0,0,0,0,0,0,0
1505669666383,32989,10.10.0.102 CPU usage in %,,,,,true,,0,0,0,0,0,0,0
1505669666383,50757,10.10.0.103 CPU usage in %,,,,,true,,0,0,0,0,0,0,0
1505669666383,37438,10.10.0.101 CPU usage in %,,,,,true,,0,0,0,0,0,0,0
1505669667383,44215,10.10.0.102 CPU usage in %,,,,,true,,0,0,0,0,0,0,0
1505669667384,24873,10.10.0.103 CPU usage in %,,,,,true,,0,0,0,0,0,0,0
1505669667384,51500,10.10.0.101 CPU usage in %,,,,,true,,0,0,0,0,0,0,0
1505669668384,47989,10.10.0.102 CPU usage in %,,,,,true,,0,0,0,0,0,0,0
1505669668384,32307,10.10.0.103 CPU usage in %,,,,,true,,0,0,0,0,0,0,0
1505669668384,29441,10.10.0.101 CPU usage in %,,,,,true,,0,0,0,0,0,0,0
1505669669385,29776,10.10.0.102 CPU usage in %,,,,,true,,0,0,0,0,0,0,0
1505669669385,28249,10.10.0.103 CPU usage in %,,,,,true,,0,0,0,0,0,0,0
1505669669385,29925,10.10.0.101 CPU usage in %,,,,,true,,0,0,0,0,0,0,0
1505669670385,23037,10.10.0.102 CPU usage in %,,,,,true,,0,0,0,0,0,0,0
1505669670385,21339,10.10.0.103 CPU usage in %,,,,,true,,0,0,0,0,0,0,0
1505669670385,22842,10.10.0.101 CPU usage in %,,,,,true,,0,0,0,0,0,0,0
1505669671386,20854,10.10.0.102 CPU usage in %,,,,,true,,0,0,0,0,0,0,0
1505669671386,26433,10.10.0.103 CPU usage in %,,,,,true,,0,0,0,0,0,0,0
1505669671386,23425,10.10.0.101 CPU usage in %,,,,,true,,0,0,0,0,0,0,0
1505669672386,23350,10.10.0.102 CPU usage in %,,,,,true,,0,0,0,0,0,0,0
1505669672386,26923,10.10.0.103 CPU usage in %,,,,,true,,0,0,0,0,0,0,0
1505669672386,27295,10.10.0.101 CPU usage in %,,,,,true,,0,0,0,0,0,0,0
1505669673387,24164,10.10.0.102 CPU usage in %,,,,,true,,0,0,0,0,0,0,0
1505669673387,25449,10.10.0.103 CPU usage in %,,,,,true,,0,0,0,0,0,0,0
1505669673387,24750,10.10.0.101 CPU usage in %,,,,,true,,0,0,0,0,0,0,0
1505669674387,25257,10.10.0.102 CPU usage in %,,,,,true,,0,0,0,0,0,0,0
1505669674387,30303,10.10.0.103 CPU usage in %,,,,,true,,0,0,0,0,0,0,0
1505669674388,31457,10.10.0.101 CPU usage in %,,,,,true,,0,0,0,0,0,0,0
1505669675388,25954,10.10.0.102 CPU usage in %,,,,,true,,0,0,0,0,0,0,0
1505669675388,32160,10.10.0.103 CPU usage in %,,,,,true,,0,0,0,0,0,0,0
1505669675388,26717,10.10.0.101 CPU usage in %,,,,,true,,0,0,0,0,0,0,0
1505669676388,29007,10.10.0.102 CPU usage in %,,,,,true,,0,0,0,0,0,0,0
1505669676389,38363,10.10.0.103 CPU usage in %,,,,,true,,0,0,0,0,0,0,0
1505669676389,24806,10.10.0.101 CPU usage in %,,,,,true,,0,0,0,0,0,0,0
1505669677389,32133,10.10.0.102 CPU usage in %,,,,,true,,0,0,0,0,0,0,0
1505669677389,23250,10.10.0.103 CPU usage in %,,,,,true,,0,0,0,0,0,0,0
1505669677389,20512,10.10.0.101 CPU usage in %,,,,,true,,0,0,0,0,0,0,0
1505669678389,35475,10.10.0.102 CPU usage in %,,,,,true,,0,0,0,0,0,0,0
1505669678390,27500,10.10.0.103 CPU usage in %,,,,,true,,0,0,0,0,0,0,0
1505669678390,23308,10.10.0.101 CPU usage in %,,,,,true,,0,0,0,0,0,0,0
1505669679390,23989,10.10.0.102 CPU usage in %,,,,,true,,0,0,0,0,0,0,0
1505669679390,28350,10.10.0.103 CPU usage in %,,,,,true,,0,0,0,0,0,0,0
1505669679390,31486,10.10.0.101 CPU usage in %,,,,,true,,0,0,0,0,0,0,0
1505669680390,31713,10.10.0.102 CPU usage in %,,,,,true,,0,0,0,0,0,0,0
1505669680391,31898,10.10.0.103 CPU usage in %,,,,,true,,0,0,0,0,0,0,0
1505669680391,28826,10.10.0.101 CPU usage in %,,,,,true,,0,0,0,0,0,0,0
1505669681391,27764,10.10.0.102 CPU usage in %,,,,,true,,0,0,0,0,0,0,0
1505669681391,29336,10.10.0.103 CPU usage in %,,,,,true,,0,0,0,0,0,0,0
1505669681391,30653,10.10.0.101 CPU usage in %,,,,,true,,0,0,0,0,0,0,0
1505669682391,28320,10.10.0.102 CPU usage in %,,,,,true,,0,0,0,0,0,0,0
1505669682392,24494,10.10.0.103 CPU usage in %,,,,,true,,0,0,0,0,0,0,0
1505669682392,27407,10.10.0.101 CPU usage in %,,,,,true,,0,0,0,0,0,0,0
1505669683392,25822,10.10.0.102 CPU usage in %,,,,,true,,0,0,0,0,0,0,0
1505669683392,30126,10.10.0.103 CPU usage in %,,,,,true,,0,0,0,0,0,0,0
1505669683392,27551,10.10.0.101 CPU usage in %,,,,,true,,0,0,0,0,0,0,0
1505669684392,28354,10.10.0.102 CPU usage in %,,,,,true,,0,0,0,0,0,0,0
1505669684393,30730,10.10.0.103 CPU usage in %,,,,,true,,0,0,0,0,0,0,0
1505669684393,29846,10.10.0.101 CPU usage in %,,,,,true,,0,0,0,0,0,0,0
1505669685393,28826,10.10.0.102 CPU usage in %,,,,,true,,0,0,0,0,0,0,0
1505669685393,26010,10.10.0.103 CPU usage in %,,,,,true,,0,0,0,0,0,0,0
1505669685393,24365,10.10.0.101 CPU usage in %,,,,,true,,0,0,0,0,0,0,0
1505669686394,26075,10.10.0.102 CPU usage in %,,,,,true,,0,0,0,0,0,0,0
1505669686394,23724,10.10.0.103 CPU usage in %,,,,,true,,0,0,0,0,0,0,0
1505669686394,24120,10.10.0.101 CPU usage in %,,,,,true,,0,0,0,0,0,0,0
1505669687394,20959,10.10.0.102 CPU usage in %,,,,,true,,0,0,0,0,0,0,0
1505669687394,27040,10.10.0.103 CPU usage in %,,,,,true,,0,0,0,0,0,0,0
1505669687394,25757,10.10.0.101 CPU usage in %,,,,,true,,0,0,0,0,0,0,0
1505669688395,26000,10.10.0.102 CPU usage in %,,,,,true,,0,0,0,0,0,0,0
1505669688395,32241,10.10.0.103 CPU usage in %,,,,,true,,0,0,0,0,0,0,0
1505669688395,27000,10.10.0.101 CPU usage in %,,,,,true,,0,0,0,0,0,0,0
1505669689395,27735,10.10.0.102 CPU usage in %,,,,,true,,0,0,0,0,0,0,0
1505669689395,26196,10.10.0.103 CPU usage in %,,,,,true,,0,0,0,0,0,0,0
1505669689395,28571,10.10.0.101 CPU usage in %,,,,,true,,0,0,0,0,0,0,0
1505669690395,26972,10.10.0.102 CPU usage in %,,,,,true,,0,0,0,0,0,0,0
1505669690396,30226,10.10.0.103 CPU usage in %,,,,,true,,0,0,0,0,0,0,0
1505669690396,29177,10.10.0.101 CPU usage in %,,,,,true,,0,0,0,0,0,0,0
1505669691396,30198,10.10.0.102 CPU usage in %,,,,,true,,0,0,0,0,0,0,0
1505669691396,26952,10.10.0.103 CPU usage in %,,,,,true,,0,0,0,0,0,0,0
1505669691396,19949,10.10.0.101 CPU usage in %,,,,,true,,0,0,0,0,0,0,0
1505669692396,21375,10.10.0.102 CPU usage in %,,,,,true,,0,0,0,0,0,0,0
1505669692396,20304,10.10.0.103 CPU usage in %,,,,,true,,0,0,0,0,0,0,0
1505669692397,21945,10.10.0.101 CPU usage in %,,,,,true,,0,0,0,0,0,0,0
1505669693397,19592,10.10.0.102 CPU usage in %,,,,,true,,0,0,0,0,0,0,0
1505669693397,22335,10.10.0.103 CPU usage in %,,,,,true,,0,0,0,0,0,0,0
1505669693397,24623,10.10.0.101 CPU usage in %,,,,,true,,0,0,0,0,0,0,0
1505669694397,19191,10.10.0.102 CPU usage in %,,,,,true,,0,0,0,0,0,0,0
1505669694397,20308,10.10.0.103 CPU usage in %,,,,,true,,0,0,0,0,0,0,0
1505669694397,21994,10.10.0.101 CPU usage in %,,,,,true,,0,0,0,0,0,0,0
1505669695398,25699,10.10.0.102 CPU usage in %,,,,,true,,0,0,0,0,0,0,0
1505669695398,24433,10.10.0.103 CPU usage in %,,,,,true,,0,0,0,0,0,0,0
1505669695398,24937,10.10.0.101 CPU usage in %,,,,,true,,0,0,0,0,0,0,0
1505669696398,24164,10.10.0.102 CPU usage in %,,,,,true,,0,0,0,0,0,0,0
1505669696398,26329,10.10.0.103 CPU usage in %,,,,,true,,0,0,0,0,0,0,0
1505669696398,25376,10.10.0.101 CPU usage in %,,,,,true,,0,0,0,0,0,0,0
1505669697398,23350,10.10.0.102 CPU usage in %,,,,,true,,0,0,0,0,0,0,0
1505669697399,30653,10.10.0.103 CPU usage in %,,,,,true,,0,0,0,0,0,0,0
1505669697399,26500,10.10.0.101 CPU usage in %,,,,,true,,0,0,0,0,0,0,0
1505669698399,34328,10.10.0.102 CPU usage in %,,,,,true,,0,0,0,0,0,0,0
1505669698399,28101,10.10.0.103 CPU usage in %,,,,,true,,0,0,0,0,0,0,0
1505669698399,26184,10.10.0.101 CPU usage in %,,,,,true,,0,0,0,0,0,0,0
1505669699399,25445,10.10.0.102 CPU usage in %,,,,,true,,0,0,0,0,0,0,0
1505669699399,24234,10.10.0.103 CPU usage in %,,,,,true,,0,0,0,0,0,0,0
1505669699399,24688,10.10.0.101 CPU usage in %,,,,,true,,0,0,0,0,0,0,0
1505669700400,23469,10.10.0.102 CPU usage in %,,,,,true,,0,0,0,0,0,0,0
1505669700400,23857,10.10.0.103 CPU usage in %,,,,,true,,0,0,0,0,0,0,0
1505669700400,23076,10.10.0.101 CPU usage in %,,,,,true,,0,0,0,0,0,0,0
1505669701400,19083,10.10.0.102 CPU usage in %,,,,,true,,0,0,0,0,0,0,0
1505669701400,20253,10.10.0.103 CPU usage in %,,,,,true,,0,0,0,0,0,0,0
1505669701400,23846,10.10.0.101 CPU usage in %,,,,,true,,0,0,0,0,0,0,0
1505669702401,21518,10.10.0.102 CPU usage in %,,,,,true,,0,0,0,0,0,0,0
1505669702401,20000,10.10.0.103 CPU usage in %,,,,,true,,0,0,0,0,0,0,0
1505669702401,23409,10.10.0.101 CPU usage in %,,,,,true,,0,0,0,0,0,0,0
1505669703401,25000,10.10.0.102 CPU usage in %,,,,,true,,0,0,0,0,0,0,0
1505669703401,26530,10.10.0.103 CPU usage in %,,,,,true,,0,0,0,0,0,0,0
1505669703401,29601,10.10.0.101 CPU usage in %,,,,,true,,0,0,0,0,0,0,0
1505669704401,21446,10.10.0.102 CPU usage in %,,,,,true,,0,0,0,0,0,0,0
1505669704401,26530,10.10.0.103 CPU usage in %,,,,,true,,0,0,0,0,0,0,0
1505669704401,23195,10.10.0.101 CPU usage in %,,,,,true,,0,0,0,0,0,0,0
1505669705402,29145,10.10.0.102 CPU usage in %,,,,,true,,0,0,0,0,0,0,0
1505669705402,26478,10.10.0.103 CPU usage in %,,,,,true,,0,0,0,0,0,0,0
1505669705402,25558,10.10.0.101 CPU usage in %,,,,,true,,0,0,0,0,0,0,0
1505669706402,23076,10.10.0.102 CPU usage in %,,,,,true,,0,0,0,0,0,0,0
1505669706402,25313,10.10.0.103 CPU usage in %,,,,,true,,0,0,0,0,0,0,0
1505669706402,22307,10.10.0.101 CPU usage in %,,,,,true,,0,0,0,0,0,0,0
1505669707402,20603,10.10.0.102 CPU usage in %,,,,,true,,0,0,0,0,0,0,0
1505669707403,36708,10.10.0.103 CPU usage in %,,,,,true,,0,0,0,0,0,0,0
1505669707403,25765,10.10.0.101 CPU usage in %,,,,,true,,0,0,0,0,0,0,0
1505669708403,28211,10.10.0.102 CPU usage in %,,,,,true,,0,0,0,0,0,0,0
1505669708403,28500,10.10.0.103 CPU usage in %,,,,,true,,0,0,0,0,0,0,0
1505669708403,25190,10.10.0.101 CPU usage in %,,,,,true,,0,0,0,0,0,0,0
1505669709403,20351,10.10.0.102 CPU usage in %,,,,,true,,0,0,0,0,0,0,0
1505669709403,18592,10.10.0.103 CPU usage in %,,,,,true,,0,0,0,0,0,0,0
1505669709403,17336,10.10.0.101 CPU usage in %,,,,,true,,0,0,0,0,0,0,0
1505669710404,21012,10.10.0.102 CPU usage in %,,,,,true,,0,0,0,0,0,0,0
1505669710404,26785,10.10.0.103 CPU usage in %,,,,,true,,0,0,0,0,0,0,0
1505669710404,29850,10.10.0.101 CPU usage in %,,,,,true,,0,0,0,0,0,0,0
1505669711404,28132,10.10.0.102 CPU usage in %,,,,,true,,0,0,0,0,0,0,0
1505669711404,27989,10.10.0.103 CPU usage in %,,,,,true,,0,0,0,0,0,0,0
1505669711404,28826,10.10.0.101 CPU usage in %,,,,,true,,0,0,0,0,0,0,0
1505669712405,25252,10.10.0.102 CPU usage in %,,,,,true,,0,0,0,0,0,0,0
1505669712405,24296,10.10.0.103 CPU usage in %,,,,,true,,0,0,0,0,0,0,0
1505669712405,22704,10.10.0.101 CPU usage in %,,,,,true,,0,0,0,0,0,0,0
1505669713405,24433,10.10.0.102 CPU usage in %,,,,,true,,0,0,0,0,0,0,0
1505669713405,31658,10.10.0.103 CPU usage in %,,,,,true,,0,0,0,0,0,0,0
1505669713405,26854,10.10.0.101 CPU usage in %,,,,,true,,0,0,0,0,0,0,0
1505669714406,44000,10.10.0.102 CPU usage in %,,,,,true,,0,0,0,0,0,0,0
1505669714406,64213,10.10.0.103 CPU usage in %,,,,,true,,0,0,0,0,0,0,0
1505669714406,31025,10.10.0.101 CPU usage in %,,,,,true,,0,0,0,0,0,0,0
1505669715406,29145,10.10.0.102 CPU usage in %,,,,,true,,0,0,0,0,0,0,0
1505669715406,25307,10.10.0.103 CPU usage in %,,,,,true,,0,0,0,0,0,0,0
1505669715406,24120,10.10.0.101 CPU usage in %,,,,,true,,0,0,0,0,0,0,0
1505669716407,24310,10.10.0.102 CPU usage in %,,,,,true,,0,0,0,0,0,0,0
1505669716407,25252,10.10.0.103 CPU usage in %,,,,,true,,0,0,0,0,0,0,0
1505669716407,27664,10.10.0.101 CPU usage in %,,,,,true,,0,0,0,0,0,0,0
1505669717407,21628,10.10.0.102 CPU usage in %,,,,,true,,0,0,0,0,0,0,0
1505669717407,23076,10.10.0.103 CPU usage in %,,,,,true,,0,0,0,0,0,0,0
1505669717407,21446,10.10.0.101 CPU usage in %,,,,,true,,0,0,0,0,0,0,0
1505669718408,23017,10.10.0.102 CPU usage in %,,,,,true,,0,0,0,0,0,0,0
1505669718408,24173,10.10.0.103 CPU usage in %,,,,,true,,0,0,0,0,0,0,0
1505669718408,25831,10.10.0.101 CPU usage in %,,,,,true,,0,0,0,0,0,0,0
1505669719408,25000,10.10.0.102 CPU usage in %,,,,,true,,0,0,0,0,0,0,0
1505669719408,27638,10.10.0.103 CPU usage in %,,,,,true,,0,0,0,0,0,0,0
1505669719408,24685,10.10.0.101 CPU usage in %,,,,,true,,0,0,0,0,0,0,0
1505669720409,25062,10.10.0.102 CPU usage in %,,,,,true,,0,0,0,0,0,0,0
1505669720409,28358,10.10.0.103 CPU usage in %,,,,,true,,0,0,0,0,0,0,0
1505669720409,25190,10.10.0.101 CPU usage in %,,,,,true,,0,0,0,0,0,0,0
1505669721409,29323,10.10.0.102 CPU usage in %,,,,,true,,0,0,0,0,0,0,0
1505669721410,32592,10.10.0.103 CPU usage in %,,,,,true,,0,0,0,0,0,0,0
1505669721411,25510,10.10.0.101 CPU usage in %,,,,,true,,0,0,0,0,0,0,0
1505669722411,24281,10.10.0.102 CPU usage in %,,,,,true,,0,0,0,0,0,0,0
1505669722411,23096,10.10.0.103 CPU usage in %,,,,,true,,0,0,0,0,0,0,0
1505669722412,22588,10.10.0.101 CPU usage in %,,,,,true,,0,0,0,0,0,0,0
1505669723413,20250,10.10.0.102 CPU usage in %,,,,,true,,0,0,0,0,0,0,0
1505669723413,20750,10.10.0.103 CPU usage in %,,,,,true,,0,0,0,0,0,0,0
1505669723414,18781,10.10.0.101 CPU usage in %,,,,,true,,0,0,0,0,0,0,0
1505669724415,23096,10.10.0.102 CPU usage in %,,,,,true,,0,0,0,0,0,0,0
1505669724415,27109,10.10.0.103 CPU usage in %,,,,,true,,0,0,0,0,0,0,0
1505669724415,28826,10.10.0.101 CPU usage in %,,,,,true,,0,0,0,0,0,0,0
1505669725415,23690,10.10.0.102 CPU usage in %,,,,,true,,0,0,0,0,0,0,0
1505669725415,23000,10.10.0.103 CPU usage in %,,,,,true,,0,0,0,0,0,0,0
1505669725415,20506,10.10.0.101 CPU usage in %,,,,,true,,0,0,0,0,0,0,0
1505669726416,25376,10.10.0.102 CPU usage in %,,,,,true,,0,0,0,0,0,0,0
1505669726416,25628,10.10.0.103 CPU usage in %,,,,,true,,0,0,0,0,0,0,0
1505669726416,25126,10.10.0.101 CPU usage in %,,,,,true,,0,0,0,0,0,0,0
1505669727416,22997,10.10.0.102 CPU usage in %,,,,,true,,0,0,0,0,0,0,0
1505669727416,22784,10.10.0.103 CPU usage in %,,,,,true,,0,0,0,0,0,0,0
1505669727416,23250,10.10.0.101 CPU usage in %,,,,,true,,0,0,0,0,0,0,0
1505669728417,22474,10.10.0.102 CPU usage in %,,,,,true,,0,0,0,0,0,0,0
1505669728417,24371,10.10.0.103 CPU usage in %,,,,,true,,0,0,0,0,0,0,0
1505669728417,23750,10.10.0.101 CPU usage in %,,,,,true,,0,0,0,0,0,0,0
1505669729417,22588,10.10.0.102 CPU usage in %,,,,,true,,0,0,0,0,0,0,0
1505669729417,26463,10.10.0.103 CPU usage in %,,,,,true,,0,0,0,0,0,0,0
1505669729417,22361,10.10.0.101 CPU usage in %,,,,,true,,0,0,0,0,0,0,0
1505669730418,24494,10.10.0.102 CPU usage in %,,,,,true,,0,0,0,0,0,0,0
1505669730418,25192,10.10.0.103 CPU usage in %,,,,,true,,0,0,0,0,0,0,0
1505669730418,22900,10.10.0.101 CPU usage in %,,,,,true,,0,0,0,0,0,0,0
1505669731418,20101,10.10.0.102 CPU usage in %,,,,,true,,0,0,0,0,0,0,0
1505669731418,22864,10.10.0.103 CPU usage in %,,,,,true,,0,0,0,0,0,0,0
1505669731418,20454,10.10.0.101 CPU usage in %,,,,,true,,0,0,0,0,0,0,0
1505669732418,24812,10.10.0.102 CPU usage in %,,,,,true,,0,0,0,0,0,0,0
1505669732418,23096,10.10.0.103 CPU usage in %,,,,,true,,0,0,0,0,0,0,0
1505669732418,28039,10.10.0.101 CPU usage in %,,,,,true,,0,0,0,0,0,0,0
1505669733419,29471,10.10.0.102 CPU usage in %,,,,,true,,0,0,0,0,0,0,0
1505669733419,33333,10.10.0.103 CPU usage in %,,,,,true,,0,0,0,0,0,0,0
1505669733419,35606,10.10.0.101 CPU usage in %,,,,,true,,0,0,0,0,0,0,0
1505669734419,31377,10.10.0.102 CPU usage in %,,,,,true,,0,0,0,0,0,0,0
1505669734419,26515,10.10.0.103 CPU usage in %,,,,,true,,0,0,0,0,0,0,0
1505669734419,20610,10.10.0.101 CPU usage in %,,,,,true,,0,0,0,0,0,0,0
1505669735421,16624,10.10.0.102 CPU usage in %,,,,,true,,0,0,0,0,0,0,0
1505669735422,25062,10.10.0.103 CPU usage in %,,,,,true,,0,0,0,0,0,0,0
1505669735422,24317,10.10.0.101 CPU usage in %,,,,,true,,0,0,0,0,0,0,0
1505669736422,27889,10.10.0.102 CPU usage in %,,,,,true,,0,0,0,0,0,0,0
1505669736424,27343,10.10.0.103 CPU usage in %,,,,,true,,0,0,0,0,0,0,0
1505669736425,27407,10.10.0.101 CPU usage in %,,,,,true,,0,0,0,0,0,0,0
1505669737425,25679,10.10.0.102 CPU usage in %,,,,,true,,0,0,0,0,0,0,0
1505669737425,24250,10.10.0.103 CPU usage in %,,,,,true,,0,0,0,0,0,0,0
1505669737425,20918,10.10.0.101 CPU usage in %,,,,,true,,0,0,0,0,0,0,0
1505669738425,19696,10.10.0.102 CPU usage in %,,,,,true,,0,0,0,0,0,0,0
1505669738426,18858,10.10.0.103 CPU usage in %,,,,,true,,0,0,0,0,0,0,0
1505669738426,16879,10.10.0.101 CPU usage in %,,,,,true,,0,0,0,0,0,0,0
1505669739427,19035,10.10.0.102 CPU usage in %,,,,,true,,0,0,0,0,0,0,0
1505669739427,25897,10.10.0.103 CPU usage in %,,,,,true,,0,0,0,0,0,0,0
1505669739427,25954,10.10.0.101 CPU usage in %,,,,,true,,0,0,0,0,0,0,0
1505669740432,26854,10.10.0.102 CPU usage in %,,,,,true,,0,0,0,0,0,0,0
1505669740433,26817,10.10.0.103 CPU usage in %,,,,,true,,0,0,0,0,0,0,0
1505669740433,26184,10.10.0.101 CPU usage in %,,,,,true,,0,0,0,0,0,0,0
1505669741433,19845,10.10.0.102 CPU usage in %,,,,,true,,0,0,0,0,0,0,0
1505669741433,22613,10.10.0.103 CPU usage in %,,,,,true,,0,0,0,0,0,0,0
1505669741433,24810,10.10.0.101 CPU usage in %,,,,,true,,0,0,0,0,0,0,0
1505669742434,30102,10.10.0.102 CPU usage in %,,,,,true,,0,0,0,0,0,0,0
1505669742434,28428,10.10.0.103 CPU usage in %,,,,,true,,0,0,0,0,0,0,0
1505669742434,23333,10.10.0.101 CPU usage in %,,,,,true,,0,0,0,0,0,0,0
1505669743434,24552,10.10.0.102 CPU usage in %,,,,,true,,0,0,0,0,0,0,0
1505669743434,26470,10.10.0.103 CPU usage in %,,,,,true,,0,0,0,0,0,0,0
1505669743434,23057,10.10.0.101 CPU usage in %,,,,,true,,0,0,0,0,0,0,0
1505669744435,22646,10.10.0.102 CPU usage in %,,,,,true,,0,0,0,0,0,0,0
1505669744435,30303,10.10.0.103 CPU usage in %,,,,,true,,0,0,0,0,0,0,0
1505669744435,29015,10.10.0.101 CPU usage in %,,,,,true,,0,0,0,0,0,0,0
1505669745435,26566,10.10.0.102 CPU usage in %,,,,,true,,0,0,0,0,0,0,0
1505669745435,25954,10.10.0.103 CPU usage in %,,,,,true,,0,0,0,0,0,0,0
1505669745435,24750,10.10.0.101 CPU usage in %,,,,,true,,0,0,0,0,0,0,0
1505669746435,25192,10.10.0.102 CPU usage in %,,,,,true,,0,0,0,0,0,0,0
1505669746436,26822,10.10.0.103 CPU usage in %,,,,,true,,0,0,0,0,0,0,0
1505669746436,27707,10.10.0.101 CPU usage in %,,,,,true,,0,0,0,0,0,0,0
1505669747436,28030,10.10.0.102 CPU usage in %,,,,,true,,0,0,0,0,0,0,0
1505669747436,28463,10.10.0.103 CPU usage in %,,,,,true,,0,0,0,0,0,0,0
1505669747436,27848,10.10.0.101 CPU usage in %,,,,,true,,0,0,0,0,0,0,0
1505669748437,28826,10.10.0.102 CPU usage in %,,,,,true,,0,0,0,0,0,0,0
1505669748437,34422,10.10.0.103 CPU usage in %,,,,,true,,0,0,0,0,0,0,0
1505669748437,31043,10.10.0.101 CPU usage in %,,,,,true,,0,0,0,0,0,0,0
1505669749437,32133,10.10.0.102 CPU usage in %,,,,,true,,0,0,0,0,0,0,0
1505669749437,31265,10.10.0.103 CPU usage in %,,,,,true,,0,0,0,0,0,0,0
1505669749437,29770,10.10.0.101 CPU usage in %,,,,,true,,0,0,0,0,0,0,0
1505669750438,27431,10.10.0.102 CPU usage in %,,,,,true,,0,0,0,0,0,0,0
1505669750438,29824,10.10.0.103 CPU usage in %,,,,,true,,0,0,0,0,0,0,0
1505669750438,26903,10.10.0.101 CPU usage in %,,,,,true,,0,0,0,0,0,0,0
1505669751438,25954,10.10.0.102 CPU usage in %,,,,,true,,0,0,0,0,0,0,0
1505669751438,27318,10.10.0.103 CPU usage in %,,,,,true,,0,0,0,0,0,0,0
1505669751438,25190,10.10.0.101 CPU usage in %,,,,,true,,0,0,0,0,0,0,0
1505669752439,24421,10.10.0.102 CPU usage in %,,,,,true,,0,0,0,0,0,0,0
1505669752439,28391,10.10.0.103 CPU usage in %,,,,,true,,0,0,0,0,0,0,0
1505669752439,27386,10.10.0.101 CPU usage in %,,,,,true,,0,0,0,0,0,0,0
1505669753439,29187,10.10.0.102 CPU usage in %,,,,,true,,0,0,0,0,0,0,0
1505669753439,29396,10.10.0.103 CPU usage in %,,,,,true,,0,0,0,0,0,0,0
1505669753439,27249,10.10.0.101 CPU usage in %,,,,,true,,0,0,0,0,0,0,0
1505669754440,31043,10.10.0.102 CPU usage in %,,,,,true,,0,0,0,0,0,0,0
1505669754440,35532,10.10.0.103 CPU usage in %,,,,,true,,0,0,0,0,0,0,0
1505669754440,31172,10.10.0.101 CPU usage in %,,,,,true,,0,0,0,0,0,0,0
1505669755440,27386,10.10.0.102 CPU usage in %,,,,,true,,0,0,0,0,0,0,0
1505669755440,24744,10.10.0.103 CPU usage in %,,,,,true,,0,0,0,0,0,0,0
1505669755440,26065,10.10.0.101 CPU usage in %,,,,,true,,0,0,0,0,0,0,0
1505669756441,24371,10.10.0.102 CPU usage in %,,,,,true,,0,0,0,0,0,0,0
1505669756441,25879,10.10.0.103 CPU usage in %,,,,,true,,0,0,0,0,0,0,0
1505669756441,22365,10.10.0.101 CPU usage in %,,,,,true,,0,0,0,0,0,0,0
1505669757441,25505,10.10.0.102 CPU usage in %,,,,,true,,0,0,0,0,0,0,0
1505669757441,27819,10.10.0.103 CPU usage in %,,,,,true,,0,0,0,0,0,0,0
1505669757441,23484,10.10.0.101 CPU usage in %,,,,,true,,0,0,0,0,0,0,0
1505669758442,26616,10.10.0.102 CPU usage in %,,,,,true,,0,0,0,0,0,0,0
1505669758442,27341,10.10.0.103 CPU usage in %,,,,,true,,0,0,0,0,0,0,0
1505669758442,25454,10.10.0.101 CPU usage in %,,,,,true,,0,0,0,0,0,0,0
1505669759442,24623,10.10.0.102 CPU usage in %,,,,,true,,0,0,0,0,0,0,0
1505669759442,27088,10.10.0.103 CPU usage in %,,,,,true,,0,0,0,0,0,0,0
1505669759442,26717,10.10.0.101 CPU usage in %,,,,,true,,0,0,0,0,0,0,0
1505669760443,30174,10.10.0.102 CPU usage in %,,,,,true,,0,0,0,0,0,0,0
1505669760443,24742,10.10.0.103 CPU usage in %,,,,,true,,0,0,0,0,0,0,0
1505669760443,27791,10.10.0.101 CPU usage in %,,,,,true,,0,0,0,0,0,0,0
1505669761443,24874,10.10.0.102 CPU usage in %,,,,,true,,0,0,0,0,0,0,0
1505669761443,29411,10.10.0.103 CPU usage in %,,,,,true,,0,0,0,0,0,0,0
1505669761443,27551,10.10.0.101 CPU usage in %,,,,,true,,0,0,0,0,0,0,0
1505669762444,22361,10.10.0.102 CPU usage in %,,,,,true,,0,0,0,0,0,0,0
1505669762444,19746,10.10.0.103 CPU usage in %,,,,,true,,0,0,0,0,0,0,0
1505669762444,19143,10.10.0.101 CPU usage in %,,,,,true,,0,0,0,0,0,0,0
1505669763444,22704,10.10.0.102 CPU usage in %,,,,,true,,0,0,0,0,0,0,0
1505669763444,28921,10.10.0.103 CPU usage in %,,,,,true,,0,0,0,0,0,0,0
1505669763444,25000,10.10.0.101 CPU usage in %,,,,,true,,0,0,0,0,0,0,0
1505669764445,24561,10.10.0.102 CPU usage in %,,,,,true,,0,0,0,0,0,0,0
1505669764445,27341,10.10.0.103 CPU usage in %,,,,,true,,0,0,0,0,0,0,0
1505669764445,26515,10.10.0.101 CPU usage in %,,,,,true,,0,0,0,0,0,0,0
1505669765445,22704,10.10.0.102 CPU usage in %,,,,,true,,0,0,0,0,0,0,0
1505669765445,27318,10.10.0.103 CPU usage in %,,,,,true,,0,0,0,0,0,0,0
1505669765445,24120,10.10.0.101 CPU usage in %,,,,,true,,0,0,0,0,0,0,0
1505669766446,21662,10.10.0.102 CPU usage in %,,,,,true,,0,0,0,0,0,0,0
1505669766446,24250,10.10.0.103 CPU usage in %,,,,,true,,0,0,0,0,0,0,0
1505669766446,25692,10.10.0.101 CPU usage in %,,,,,true,,0,0,0,0,0,0,0
1505669767446,27506,10.10.0.102 CPU usage in %,,,,,true,,0,0,0,0,0,0,0
1505669767446,30927,10.10.0.103 CPU usage in %,,,,,true,,0,0,0,0,0,0,0
1505669767446,27664,10.10.0.101 CPU usage in %,,,,,true,,0,0,0,0,0,0,0
1505669768447,26785,10.10.0.102 CPU usage in %,,,,,true,,0,0,0,0,0,0,0
1505669768447,28643,10.10.0.103 CPU usage in %,,,,,true,,0,0,0,0,0,0,0
1505669768447,24111,10.10.0.101 CPU usage in %,,,,,true,,0,0,0,0,0,0,0
1505669769447,25888,10.10.0.102 CPU usage in %,,,,,true,,0,0,0,0,0,0,0
1505669769447,27664,10.10.0.103 CPU usage in %,,,,,true,,0,0,0,0,0,0,0
1505669769447,27295,10.10.0.101 CPU usage in %,,,,,true,,0,0,0,0,0,0,0
1505669770448,24500,10.10.0.102 CPU usage in %,,,,,true,,0,0,0,0,0,0,0
1505669770448,27889,10.10.0.103 CPU usage in %,,,,,true,,0,0,0,0,0,0,0
1505669770448,24234,10.10.0.101 CPU usage in %,,,,,true,,0,0,0,0,0,0,0
1505669771448,26208,10.10.0.102 CPU usage in %,,,,,true,,0,0,0,0,0,0,0
1505669771448,30555,10.10.0.103 CPU usage in %,,,,,true,,0,0,0,0,0,0,0
1505669771448,30500,10.10.0.101 CPU usage in %,,,,,true,,0,0,0,0,0,0,0
1505669772449,23333,10.10.0.102 CPU usage in %,,,,,true,,0,0,0,0,0,0,0
1505669772449,22704,10.10.0.103 CPU usage in %,,,,,true,,0,0,0,0,0,0,0
1505669772449,25685,10.10.0.101 CPU usage in %,,,,,true,,0,0,0,0,0,0,0
1505669773449,28753,10.10.0.102 CPU usage in %,,,,,true,,0,0,0,0,0,0,0
1505669773449,25569,10.10.0.103 CPU usage in %,,,,,true,,0,0,0,0,0,0,0
1505669773449,27067,10.10.0.101 CPU usage in %,,,,,true,,0,0,0,0,0,0,0
1505669774450,26315,10.10.0.102 CPU usage in %,,,,,true,,0,0,0,0,0,0,0
1505669774450,30402,10.10.0.103 CPU usage in %,,,,,true,,0,0,0,0,0,0,0
1505669774450,29250,10.10.0.101 CPU usage in %,,,,,true,,0,0,0,0,0,0,0
1505669775450,28753,10.10.0.102 CPU usage in %,,,,,true,,0,0,0,0,0,0,0
1505669775450,31155,10.10.0.103 CPU usage in %,,,,,true,,0,0,0,0,0,0,0
1505669775450,26288,10.10.0.101 CPU usage in %,,,,,true,,0,0,0,0,0,0,0
1505669776450,25822,10.10.0.102 CPU usage in %,,,,,true,,0,0,0,0,0,0,0
1505669776451,30848,10.10.0.103 CPU usage in %,,,,,true,,0,0,0,0,0,0,0
1505669776451,28535,10.10.0.101 CPU usage in %,,,,,true,,0,0,0,0,0,0,0
1505669777451,27848,10.10.0.102 CPU usage in %,,,,,true,,0,0,0,0,0,0,0
1505669777451,28791,10.10.0.103 CPU usage in %,,,,,true,,0,0,0,0,0,0,0
1505669777451,30886,10.10.0.101 CPU usage in %,,,,,true,,0,0,0,0,0,0,0
1505669778451,28934,10.10.0.102 CPU usage in %,,,,,true,,0,0,0,0,0,0,0
1505669778452,31578,10.10.0.103 CPU usage in %,,,,,true,,0,0,0,0,0,0,0
1505669778452,27692,10.10.0.101 CPU usage in %,,,,,true,,0,0,0,0,0,0,0
1505669779452,26020,10.10.0.102 CPU usage in %,,,,,true,,0,0,0,0,0,0,0
1505669779452,27272,10.10.0.103 CPU usage in %,,,,,true,,0,0,0,0,0,0,0
1505669779452,23453,10.10.0.101 CPU usage in %,,,,,true,,0,0,0,0,0,0,0
1505669780452,26700,10.10.0.102 CPU usage in %,,,,,true,,0,0,0,0,0,0,0
1505669780453,23989,10.10.0.103 CPU usage in %,,,,,true,,0,0,0,0,0,0,0
1505669780453,26903,10.10.0.101 CPU usage in %,,,,,true,,0,0,0,0,0,0,0
1505669781453,26717,10.10.0.102 CPU usage in %,,,,,true,,0,0,0,0,0,0,0
1505669781453,28680,10.10.0.103 CPU usage in %,,,,,true,,0,0,0,0,0,0,0
1505669781453,28316,10.10.0.101 CPU usage in %,,,,,true,,0,0,0,0,0,0,0
1505669782453,26666,10.10.0.102 CPU usage in %,,,,,true,,0,0,0,0,0,0,0
1505669782453,26275,10.10.0.103 CPU usage in %,,,,,true,,0,0,0,0,0,0,0
1505669782454,22448,10.10.0.101 CPU usage in %,,,,,true,,0,0,0,0,0,0,0
1505669783454,20698,10.10.0.102 CPU usage in %,,,,,true,,0,0,0,0,0,0,0
1505669783454,24936,10.10.0.103 CPU usage in %,,,,,true,,0,0,0,0,0,0,0
1505669783454,24102,10.10.0.101 CPU usage in %,,,,,true,,0,0,0,0,0,0,0
1505669784454,28974,10.10.0.102 CPU usage in %,,,,,true,,0,0,0,0,0,0,0
1505669784454,37905,10.10.0.103 CPU usage in %,,,,,true,,0,0,0,0,0,0,0
1505669784455,27638,10.10.0.101 CPU usage in %,,,,,true,,0,0,0,0,0,0,0
1505669785455,29629,10.10.0.102 CPU usage in %,,,,,true,,0,0,0,0,0,0,0
1505669785455,28000,10.10.0.103 CPU usage in %,,,,,true,,0,0,0,0,0,0,0
1505669785455,27707,10.10.0.101 CPU usage in %,,,,,true,,0,0,0,0,0,0,0
1505669786455,25000,10.10.0.102 CPU usage in %,,,,,true,,0,0,0,0,0,0,0
1505669786455,32832,10.10.0.103 CPU usage in %,,,,,true,,0,0,0,0,0,0,0
1505669786455,32745,10.10.0.101 CPU usage in %,,,,,true,,0,0,0,0,0,0,0
1505669787456,31265,10.10.0.102 CPU usage in %,,,,,true,,0,0,0,0,0,0,0
1505669787456,30867,10.10.0.103 CPU usage in %,,,,,true,,0,0,0,0,0,0,0
1505669787456,28132,10.10.0.101 CPU usage in %,,,,,true,,0,0,0,0,0,0,0
1505669788456,24102,10.10.0.102 CPU usage in %,,,,,true,,0,0,0,0,0,0,0
1505669788456,24808,10.10.0.103 CPU usage in %,,,,,true,,0,0,0,0,0,0,0
1505669788456,21683,10.10.0.101 CPU usage in %,,,,,true,,0,0,0,0,0,0,0
1505669789457,24181,10.10.0.102 CPU usage in %,,,,,true,,0,0,0,0,0,0,0
1505669789457,26184,10.10.0.103 CPU usage in %,,,,,true,,0,0,0,0,0,0,0
1505669789457,23232,10.10.0.101 CPU usage in %,,,,,true,,0,0,0,0,0,0,0
1505669790457,21464,10.10.0.102 CPU usage in %,,,,,true,,0,0,0,0,0,0,0
1505669790457,17447,10.10.0.103 CPU usage in %,,,,,true,,0,0,0,0,0,0,0
1505669790457,19642,10.10.0.101 CPU usage in %,,,,,true,,0,0,0,0,0,0,0
1505669791457,19240,10.10.0.102 CPU usage in %,,,,,true,,0,0,0,0,0,0,0
1505669791458,23869,10.10.0.103 CPU usage in %,,,,,true,,0,0,0,0,0,0,0
1505669791458,23940,10.10.0.101 CPU usage in %,,,,,true,,0,0,0,0,0,0,0
1505669792458,25126,10.10.0.102 CPU usage in %,,,,,true,,0,0,0,0,0,0,0
1505669792458,28999,10.10.0.103 CPU usage in %,,,,,true,,0,0,0,0,0,0,0
1505669792458,28426,10.10.0.101 CPU usage in %,,,,,true,,0,0,0,0,0,0,0
1505669793458,31592,10.10.0.102 CPU usage in %,,,,,true,,0,0,0,0,0,0,0
1505669793458,26448,10.10.0.103 CPU usage in %,,,,,true,,0,0,0,0,0,0,0
1505669793459,24189,10.10.0.101 CPU usage in %,,,,,true,,0,0,0,0,0,0,0
1505669794459,17171,10.10.0.102 CPU usage in %,,,,,true,,0,0,0,0,0,0,0
1505669794459,17179,10.10.0.103 CPU usage in %,,,,,true,,0,0,0,0,0,0,0
1505669794459,19143,10.10.0.101 CPU usage in %,,,,,true,,0,0,0,0,0,0,0
1505669795459,18781,10.10.0.102 CPU usage in %,,,,,true,,0,0,0,0,0,0,0
1505669795459,22335,10.10.0.103 CPU usage in %,,,,,true,,0,0,0,0,0,0,0
1505669795459,23000,10.10.0.101 CPU usage in %,,,,,true,,0,0,0,0,0,0,0
1505669796460,28030,10.10.0.102 CPU usage in %,,,,,true,,0,0,0,0,0,0,0
1505669796460,28607,10.10.0.103 CPU usage in %,,,,,true,,0,0,0,0,0,0,0
1505669796460,25563,10.10.0.101 CPU usage in %,,,,,true,,0,0,0,0,0,0,0
1505669797460,22250,10.10.0.102 CPU usage in %,,,,,true,,0,0,0,0,0,0,0
1505669797460,31851,10.10.0.103 CPU usage in %,,,,,true,,0,0,0,0,0,0,0
1505669797460,30250,10.10.0.101 CPU usage in %,,,,,true,,0,0,0,0,0,0,0
1505669798461,30075,10.10.0.102 CPU usage in %,,,,,true,,0,0,0,0,0,0,0
1505669798461,25505,10.10.0.103 CPU usage in %,,,,,true,,0,0,0,0,0,0,0
1505669798461,26065,10.10.0.101 CPU usage in %,,,,,true,,0,0,0,0,0,0,0
1505669799461,28894,10.10.0.102 CPU usage in %,,,,,true,,0,0,0,0,0,0,0
1505669799461,27735,10.10.0.103 CPU usage in %,,,,,true,,0,0,0,0,0,0,0
1505669799461,25990,10.10.0.101 CPU usage in %,,,,,true,,0,0,0,0,0,0,0
1505669800462,21212,10.10.0.102 CPU usage in %,,,,,true,,0,0,0,0,0,0,0
1505669800462,27848,10.10.0.103 CPU usage in %,,,,,true,,0,0,0,0,0,0,0
1505669800462,24009,10.10.0.101 CPU usage in %,,,,,true,,0,0,0,0,0,0,0
1505669801462,20149,10.10.0.102 CPU usage in %,,,,,true,,0,0,0,0,0,0,0
1505669801462,18205,10.10.0.103 CPU usage in %,,,,,true,,0,0,0,0,0,0,0
1505669801462,21464,10.10.0.101 CPU usage in %,,,,,true,,0,0,0,0,0,0,0
1505669802463,24173,10.10.0.102 CPU usage in %,,,,,true,,0,0,0,0,0,0,0
1505669802463,26086,10.10.0.103 CPU usage in %,,,,,true,,0,0,0,0,0,0,0
1505669802463,25125,10.10.0.101 CPU usage in %,,,,,true,,0,0,0,0,0,0,0
1505669803463,24688,10.10.0.102 CPU usage in %,,,,,true,,0,0,0,0,0,0,0
1505669803463,30867,10.10.0.103 CPU usage in %,,,,,true,,0,0,0,0,0,0,0
1505669803463,29516,10.10.0.101 CPU usage in %,,,,,true,,0,0,0,0,0,0,0
1505669804464,31203,10.10.0.102 CPU usage in %,,,,,true,,0,0,0,0,0,0,0
1505669804464,29797,10.10.0.103 CPU usage in %,,,,,true,,0,0,0,0,0,0,0
1505669804464,29250,10.10.0.101 CPU usage in %,,,,,true,,0,0,0,0,0,0,0
1505669805464,24810,10.10.0.102 CPU usage in %,,,,,true,,0,0,0,0,0,0,0
1505669805464,23017,10.10.0.103 CPU usage in %,,,,,true,,0,0,0,0,0,0,0
1505669805464,25440,10.10.0.101 CPU usage in %,,,,,true,,0,0,0,0,0,0,0
1505669806464,23809,10.10.0.102 CPU usage in %,,,,,true,,0,0,0,0,0,0,0
1505669806464,22418,10.10.0.103 CPU usage in %,,,,,true,,0,0,0,0,0,0,0
1505669806465,18274,10.10.0.101 CPU usage in %,,,,,true,,0,0,0,0,0,0,0
1505669807465,18066,10.10.0.102 CPU usage in %,,,,,true,,0,0,0,0,0,0,0
1505669807465,21410,10.10.0.103 CPU usage in %,,,,,true,,0,0,0,0,0,0,0
1505669807465,20918,10.10.0.101 CPU usage in %,,,,,true,,0,0,0,0,0,0,0
1505669808465,24875,10.10.0.102 CPU usage in %,,,,,true,,0,0,0,0,0,0,0
1505669808465,25822,10.10.0.103 CPU usage in %,,,,,true,,0,0,0,0,0,0,0
1505669808466,22391,10.10.0.101 CPU usage in %,,,,,true,,0,0,0,0,0,0,0
1505669809466,26732,10.10.0.102 CPU usage in %,,,,,true,,0,0,0,0,0,0,0
1505669809466,29516,10.10.0.103 CPU usage in %,,,,,true,,0,0,0,0,0,0,0
1505669809466,29007,10.10.0.101 CPU usage in %,,,,,true,,0,0,0,0,0,0,0
1505669810466,23797,10.10.0.102 CPU usage in %,,,,,true,,0,0,0,0,0,0,0
1505669810466,24310,10.10.0.103 CPU usage in %,,,,,true,,0,0,0,0,0,0,0
1505669810466,21052,10.10.0.101 CPU usage in %,,,,,true,,0,0,0,0,0,0,0
1505669811467,28172,10.10.0.102 CPU usage in %,,,,,true,,0,0,0,0,0,0,0
1505669811467,29562,10.10.0.103 CPU usage in %,,,,,true,,0,0,0,0,0,0,0
1505669811467,27525,10.10.0.101 CPU usage in %,,,,,true,,0,0,0,0,0,0,0
1505669812467,25500,10.10.0.102 CPU usage in %,,,,,true,,0,0,0,0,0,0,0
1505669812467,28784,10.10.0.103 CPU usage in %,,,,,true,,0,0,0,0,0,0,0
1505669812467,26275,10.10.0.101 CPU usage in %,,,,,true,,0,0,0,0,0,0,0
1505669813468,27889,10.10.0.102 CPU usage in %,,,,,true,,0,0,0,0,0,0,0
1505669813468,28179,10.10.0.103 CPU usage in %,,,,,true,,0,0,0,0,0,0,0
1505669813468,27088,10.10.0.101 CPU usage in %,,,,,true,,0,0,0,0,0,0,0
1505669814468,22335,10.10.0.102 CPU usage in %,,,,,true,,0,0,0,0,0,0,0
1505669814468,24747,10.10.0.103 CPU usage in %,,,,,true,,0,0,0,0,0,0,0
1505669814468,23350,10.10.0.101 CPU usage in %,,,,,true,,0,0,0,0,0,0,0
1505669815469,29675,10.10.0.102 CPU usage in %,,,,,true,,0,0,0,0,0,0,0
1505669815469,29177,10.10.0.103 CPU usage in %,,,,,true,,0,0,0,0,0,0,0
1505669815469,27791,10.10.0.101 CPU usage in %,,,,,true,,0,0,0,0,0,0,0
1505669816469,21212,10.10.0.102 CPU usage in %,,,,,true,,0,0,0,0,0,0,0
1505669816469,24875,10.10.0.103 CPU usage in %,,,,,true,,0,0,0,0,0,0,0
1505669816469,23037,10.10.0.101 CPU usage in %,,,,,true,,0,0,0,0,0,0,0
1505669817469,21772,10.10.0.102 CPU usage in %,,,,,true,,0,0,0,0,0,0,0
1505669817470,20959,10.10.0.103 CPU usage in %,,,,,true,,0,0,0,0,0,0,0
1505669817470,18877,10.10.0.101 CPU usage in %,,,,,true,,0,0,0,0,0,0,0
1505669818470,26250,10.10.0.102 CPU usage in %,,,,,true,,0,0,0,0,0,0,0
1505669818470,28894,10.10.0.103 CPU usage in %,,,,,true,,0,0,0,0,0,0,0
1505669818470,27295,10.10.0.101 CPU usage in %,,,,,true,,0,0,0,0,0,0,0
1505669819470,27664,10.10.0.102 CPU usage in %,,,,,true,,0,0,0,0,0,0,0
1505669819470,29396,10.10.0.103 CPU usage in %,,,,,true,,0,0,0,0,0,0,0
1505669819470,27750,10.10.0.101 CPU usage in %,,,,,true,,0,0,0,0,0,0,0
1505669820471,23057,10.10.0.102 CPU usage in %,,,,,true,,0,0,0,0,0,0,0
1505669820471,21573,10.10.0.103 CPU usage in %,,,,,true,,0,0,0,0,0,0,0
1505669820471,17857,10.10.0.101 CPU usage in %,,,,,true,,0,0,0,0,0,0,0
1505669821471,20971,10.10.0.102 CPU usage in %,,,,,true,,0,0,0,0,0,0,0
1505669821471,22335,10.10.0.103 CPU usage in %,,,,,true,,0,0,0,0,0,0,0
1505669821471,21119,10.10.0.101 CPU usage in %,,,,,true,,0,0,0,0,0,0,0
1505669822472,23441,10.10.0.102 CPU usage in %,,,,,true,,0,0,0,0,0,0,0
1505669822472,25187,10.10.0.103 CPU usage in %,,,,,true,,0,0,0,0,0,0,0
1505669822472,22250,10.10.0.101 CPU usage in %,,,,,true,,0,0,0,0,0,0,0
1505669823472,17794,10.10.0.102 CPU usage in %,,,,,true,,0,0,0,0,0,0,0
1505669823472,20398,10.10.0.103 CPU usage in %,,,,,true,,0,0,0,0,0,0,0
1505669823472,19395,10.10.0.101 CPU usage in %,,,,,true,,0,0,0,0,0,0,0
1505669824473,21483,10.10.0.102 CPU usage in %,,,,,true,,0,0,0,0,0,0,0
1505669824473,26804,10.10.0.103 CPU usage in %,,,,,true,,0,0,0,0,0,0,0
1505669824473,27735,10.10.0.101 CPU usage in %,,,,,true,,0,0,0,0,0,0,0
1505669825473,26448,10.10.0.102 CPU usage in %,,,,,true,,0,0,0,0,0,0,0
1505669825473,26262,10.10.0.103 CPU usage in %,,,,,true,,0,0,0,0,0,0,0
1505669825473,24747,10.10.0.101 CPU usage in %,,,,,true,,0,0,0,0,0,0,0
1505669826473,28535,10.10.0.102 CPU usage in %,,,,,true,,0,0,0,0,0,0,0
1505669826474,28172,10.10.0.103 CPU usage in %,,,,,true,,0,0,0,0,0,0,0
1505669826474,27475,10.10.0.101 CPU usage in %,,,,,true,,0,0,0,0,0,0,0
1505669827474,24556,10.10.0.102 CPU usage in %,,,,,true,,0,0,0,0,0,0,0
1505669827474,24747,10.10.0.103 CPU usage in %,,,,,true,,0,0,0,0,0,0,0
1505669827474,25310,10.10.0.101 CPU usage in %,,,,,true,,0,0,0,0,0,0,0
1505669828474,22727,10.10.0.102 CPU usage in %,,,,,true,,0,0,0,0,0,0,0
1505669828474,25063,10.10.0.103 CPU usage in %,,,,,true,,0,0,0,0,0,0,0
1505669828475,24111,10.10.0.101 CPU usage in %,,,,,true,,0,0,0,0,0,0,0
1505669829475,26854,10.10.0.102 CPU usage in %,,,,,true,,0,0,0,0,0,0,0
1505669829475,31313,10.10.0.103 CPU usage in %,,,,,true,,0,0,0,0,0,0,0
1505669829475,30730,10.10.0.101 CPU usage in %,,,,,true,,0,0,0,0,0,0,0
1505669830475,29846,10.10.0.102 CPU usage in %,,,,,true,,0,0,0,0,0,0,0
1505669830475,33919,10.10.0.103 CPU usage in %,,,,,true,,0,0,0,0,0,0,0
1505669830475,26683,10.10.0.101 CPU usage in %,,,,,true,,0,0,0,0,0,0,0
1505669831476,30050,10.10.0.102 CPU usage in %,,,,,true,,0,0,0,0,0,0,0
1505669831476,30334,10.10.0.103 CPU usage in %,,,,,true,,0,0,0,0,0,0,0
1505669831476,30500,10.10.0.101 CPU usage in %,,,,,true,,0,0,0,0,0,0,0
1505669832476,24873,10.10.0.102 CPU usage in %,,,,,true,,0,0,0,0,0,0,0
1505669832476,25126,10.10.0.103 CPU usage in %,,,,,true,,0,0,0,0,0,0,0
1505669832476,24565,10.10.0.101 CPU usage in %,,,,,true,,0,0,0,0,0,0,0
1505669833477,23469,10.10.0.102 CPU usage in %,,,,,true,,0,0,0,0,0,0,0
1505669833477,26075,10.10.0.103 CPU usage in %,,,,,true,,0,0,0,0,0,0,0
1505669833477,24873,10.10.0.101 CPU usage in %,,,,,true,,0,0,0,0,0,0,0
1505669834477,22979,10.10.0.102 CPU usage in %,,,,,true,,0,0,0,0,0,0,0
1505669834477,20918,10.10.0.103 CPU usage in %,,,,,true,,0,0,0,0,0,0,0
1505669834477,22278,10.10.0.101 CPU usage in %,,,,,true,,0,0,0,0,0,0,0
1505669835478,26410,10.10.0.102 CPU usage in %,,,,,true,,0,0,0,0,0,0,0
1505669835478,33333,10.10.0.103 CPU usage in %,,,,,true,,0,0,0,0,0,0,0
1505669835478,27989,10.10.0.101 CPU usage in %,,,,,true,,0,0,0,0,0,0,0
1505669836478,27594,10.10.0.102 CPU usage in %,,,,,true,,0,0,0,0,0,0,0
1505669836478,29722,10.10.0.103 CPU usage in %,,,,,true,,0,0,0,0,0,0,0
1505669836478,29648,10.10.0.101 CPU usage in %,,,,,true,,0,0,0,0,0,0,0
1505669837479,26262,10.10.0.102 CPU usage in %,,,,,true,,0,0,0,0,0,0,0
1505669837479,27777,10.10.0.103 CPU usage in %,,,,,true,,0,0,0,0,0,0,0
1505669837479,22250,10.10.0.101 CPU usage in %,,,,,true,,0,0,0,0,0,0,0
1505669838479,24937,10.10.0.102 CPU usage in %,,,,,true,,0,0,0,0,0,0,0
1505669838479,25000,10.10.0.103 CPU usage in %,,,,,true,,0,0,0,0,0,0,0
1505669838479,26767,10.10.0.101 CPU usage in %,,,,,true,,0,0,0,0,0,0,0
1505669839479,23096,10.10.0.102 CPU usage in %,,,,,true,,0,0,0,0,0,0,0
1505669839480,26433,10.10.0.103 CPU usage in %,,,,,true,,0,0,0,0,0,0,0
1505669839480,23350,10.10.0.101 CPU usage in %,,,,,true,,0,0,0,0,0,0,0
1505669840480,24615,10.10.0.102 CPU usage in %,,,,,true,,0,0,0,0,0,0,0
1505669840480,25126,10.10.0.103 CPU usage in %,,,,,true,,0,0,0,0,0,0,0
1505669840480,20100,10.10.0.101 CPU usage in %,,,,,true,,0,0,0,0,0,0,0
1505669841480,16455,10.10.0.102 CPU usage in %,,,,,true,,0,0,0,0,0,0,0
1505669841480,21772,10.10.0.103 CPU usage in %,,,,,true,,0,0,0,0,0,0,0
1505669841481,21212,10.10.0.101 CPU usage in %,,,,,true,,0,0,0,0,0,0,0
1505669842481,22772,10.10.0.102 CPU usage in %,,,,,true,,0,0,0,0,0,0,0
1505669842481,24189,10.10.0.103 CPU usage in %,,,,,true,,0,0,0,0,0,0,0
1505669842481,22418,10.10.0.101 CPU usage in %,,,,,true,,0,0,0,0,0,0,0
1505669843481,22531,10.10.0.102 CPU usage in %,,,,,true,,0,0,0,0,0,0,0
1505669843481,22693,10.10.0.103 CPU usage in %,,,,,true,,0,0,0,0,0,0,0
1505669843481,19750,10.10.0.101 CPU usage in %,,,,,true,,0,0,0,0,0,0,0
1505669844482,20843,10.10.0.102 CPU usage in %,,,,,true,,0,0,0,0,0,0,0
1505669844482,25384,10.10.0.103 CPU usage in %,,,,,true,,0,0,0,0,0,0,0
1505669844482,24421,10.10.0.101 CPU usage in %,,,,,true,,0,0,0,0,0,0,0
1505669845482,25563,10.10.0.102 CPU usage in %,,,,,true,,0,0,0,0,0,0,0
1505669845482,25129,10.10.0.103 CPU usage in %,,,,,true,,0,0,0,0,0,0,0
1505669845482,27088,10.10.0.101 CPU usage in %,,,,,true,,0,0,0,0,0,0,0
1505669846483,26980,10.10.0.102 CPU usage in %,,,,,true,,0,0,0,0,0,0,0
1505669846483,26903,10.10.0.103 CPU usage in %,,,,,true,,0,0,0,0,0,0,0
1505669846483,29776,10.10.0.101 CPU usage in %,,,,,true,,0,0,0,0,0,0,0
1505669847483,23821,10.10.0.102 CPU usage in %,,,,,true,,0,0,0,0,0,0,0
1505669847483,21608,10.10.0.103 CPU usage in %,,,,,true,,0,0,0,0,0,0,0
1505669847483,16452,10.10.0.101 CPU usage in %,,,,,true,,0,0,0,0,0,0,0
1505669848484,21079,10.10.0.102 CPU usage in %,,,,,true,,0,0,0,0,0,0,0
1505669848484,26735,10.10.0.103 CPU usage in %,,,,,true,,0,0,0,0,0,0,0
1505669848484,28715,10.10.0.101 CPU usage in %,,,,,true,,0,0,0,0,0,0,0
1505669849484,26566,10.10.0.102 CPU usage in %,,,,,true,,0,0,0,0,0,0,0
1505669849484,28101,10.10.0.103 CPU usage in %,,,,,true,,0,0,0,0,0,0,0
1505669849484,23857,10.10.0.101 CPU usage in %,,,,,true,,0,0,0,0,0,0,0
1505669850484,26550,10.10.0.102 CPU usage in %,,,,,true,,0,0,0,0,0,0,0
1505669850485,30710,10.10.0.103 CPU usage in %,,,,,true,,0,0,0,0,0,0,0
1505669850485,27638,10.10.0.101 CPU usage in %,,,,,true,,0,0,0,0,0,0,0
1505669851485,28967,10.10.0.102 CPU usage in %,,,,,true,,0,0,0,0,0,0,0
1505669851485,30147,10.10.0.103 CPU usage in %,,,,,true,,0,0,0,0,0,0,0
1505669851485,27157,10.10.0.101 CPU usage in %,,,,,true,,0,0,0,0,0,0,0
1505669852485,29280,10.10.0.102 CPU usage in %,,,,,true,,0,0,0,0,0,0,0
1505669852485,28826,10.10.0.103 CPU usage in %,,,,,true,,0,0,0,0,0,0,0
1505669852486,26142,10.10.0.101 CPU usage in %,,,,,true,,0,0,0,0,0,0,0
1505669853486,23155,10.10.0.102 CPU usage in %,,,,,true,,0,0,0,0,0,0,0
1505669853486,21428,10.10.0.103 CPU usage in %,,,,,true,,0,0,0,0,0,0,0
1505669853486,22716,10.10.0.101 CPU usage in %,,,,,true,,0,0,0,0,0,0,0
1505669854486,18622,10.10.0.102 CPU usage in %,,,,,true,,0,0,0,0,0,0,0
1505669854486,21303,10.10.0.103 CPU usage in %,,,,,true,,0,0,0,0,0,0,0
1505669854486,19338,10.10.0.101 CPU usage in %,,,,,true,,0,0,0,0,0,0,0
1505669855487,22474,10.10.0.102 CPU usage in %,,,,,true,,0,0,0,0,0,0,0
1505669855487,28070,10.10.0.103 CPU usage in %,,,,,true,,0,0,0,0,0,0,0
1505669855487,22959,10.10.0.101 CPU usage in %,,,,,true,,0,0,0,0,0,0,0
1505669856487,25445,10.10.0.102 CPU usage in %,,,,,true,,0,0,0,0,0,0,0
1505669856487,25699,10.10.0.103 CPU usage in %,,,,,true,,0,0,0,0,0,0,0
1505669856487,27959,10.10.0.101 CPU usage in %,,,,,true,,0,0,0,0,0,0,0
1505669857488,22864,10.10.0.102 CPU usage in %,,,,,true,,0,0,0,0,0,0,0
1505669857488,26835,10.10.0.103 CPU usage in %,,,,,true,,0,0,0,0,0,0,0
1505669857488,21969,10.10.0.101 CPU usage in %,,,,,true,,0,0,0,0,0,0,0
1505669858488,25316,10.10.0.102 CPU usage in %,,,,,true,,0,0,0,0,0,0,0
1505669858488,28428,10.10.0.103 CPU usage in %,,,,,true,,0,0,0,0,0,0,0
1505669858488,23273,10.10.0.101 CPU usage in %,,,,,true,,0,0,0,0,0,0,0
1505669859489,23737,10.10.0.102 CPU usage in %,,,,,true,,0,0,0,0,0,0,0
1505669859489,27272,10.10.0.103 CPU usage in %,,,,,true,,0,0,0,0,0,0,0
1505669859489,29040,10.10.0.101 CPU usage in %,,,,,true,,0,0,0,0,0,0,0
1505669860489,23989,10.10.0.102 CPU usage in %,,,,,true,,0,0,0,0,0,0,0
1505669860489,22000,10.10.0.103 CPU usage in %,,,,,true,,0,0,0,0,0,0,0
1505669860489,18181,10.10.0.101 CPU usage in %,,,,,true,,0,0,0,0,0,0,0
1505669861489,23115,10.10.0.102 CPU usage in %,,,,,true,,0,0,0,0,0,0,0
1505669861490,29601,10.10.0.103 CPU usage in %,,,,,true,,0,0,0,0,0,0,0
1505669861490,24808,10.10.0.101 CPU usage in %,,,,,true,,0,0,0,0,0,0,0
1505669862490,20812,10.10.0.102 CPU usage in %,,,,,true,,0,0,0,0,0,0,0
1505669862490,22250,10.10.0.103 CPU usage in %,,,,,true,,0,0,0,0,0,0,0
1505669862490,22305,10.10.0.101 CPU usage in %,,,,,true,,0,0,0,0,0,0,0
1505669863490,24384,10.10.0.102 CPU usage in %,,,,,true,,0,0,0,0,0,0,0
1505669863490,22193,10.10.0.103 CPU usage in %,,,,,true,,0,0,0,0,0,0,0
1505669863491,21621,10.10.0.101 CPU usage in %,,,,,true,,0,0,0,0,0,0,0
1505669864491,22388,10.10.0.102 CPU usage in %,,,,,true,,0,0,0,0,0,0,0
1505669864491,23604,10.10.0.103 CPU usage in %,,,,,true,,0,0,0,0,0,0,0
1505669864491,25380,10.10.0.101 CPU usage in %,,,,,true,,0,0,0,0,0,0,0
1505669865491,28535,10.10.0.102 CPU usage in %,,,,,true,,0,0,0,0,0,0,0
1505669865491,32338,10.10.0.103 CPU usage in %,,,,,true,,0,0,0,0,0,0,0
1505669865491,27411,10.10.0.101 CPU usage in %,,,,,true,,0,0,0,0,0,0,0
1505669866492,29367,10.10.0.102 CPU usage in %,,,,,true,,0,0,0,0,0,0,0
1505669866492,26208,10.10.0.103 CPU usage in %,,,,,true,,0,0,0,0,0,0,0
1505669866492,23409,10.10.0.101 CPU usage in %,,,,,true,,0,0,0,0,0,0,0
1505669867492,18925,10.10.0.102 CPU usage in %,,,,,true,,0,0,0,0,0,0,0
1505669867492,20101,10.10.0.103 CPU usage in %,,,,,true,,0,0,0,0,0,0,0
1505669867492,20351,10.10.0.101 CPU usage in %,,,,,true,,0,0,0,0,0,0,0
1505669868493,19794,10.10.0.102 CPU usage in %,,,,,true,,0,0,0,0,0,0,0
1505669868493,26700,10.10.0.103 CPU usage in %,,,,,true,,0,0,0,0,0,0,0
1505669868493,23267,10.10.0.101 CPU usage in %,,,,,true,,0,0,0,0,0,0,0
1505669869493,22716,10.10.0.102 CPU usage in %,,,,,true,,0,0,0,0,0,0,0
1505669869493,25313,10.10.0.103 CPU usage in %,,,,,true,,0,0,0,0,0,0,0
1505669869493,24615,10.10.0.101 CPU usage in %,,,,,true,,0,0,0,0,0,0,0
1505669870494,24189,10.10.0.102 CPU usage in %,,,,,true,,0,0,0,0,0,0,0
1505669870494,20000,10.10.0.103 CPU usage in %,,,,,true,,0,0,0,0,0,0,0
1505669870494,17512,10.10.0.101 CPU usage in %,,,,,true,,0,0,0,0,0,0,0
1505669871494,24874,10.10.0.102 CPU usage in %,,,,,true,,0,0,0,0,0,0,0
1505669871494,30788,10.10.0.103 CPU usage in %,,,,,true,,0,0,0,0,0,0,0
1505669871494,26992,10.10.0.101 CPU usage in %,,,,,true,,0,0,0,0,0,0,0
1505669872494,25897,10.10.0.102 CPU usage in %,,,,,true,,0,0,0,0,0,0,0
1505669872495,27202,10.10.0.103 CPU usage in %,,,,,true,,0,0,0,0,0,0,0
1505669872495,29280,10.10.0.101 CPU usage in %,,,,,true,,0,0,0,0,0,0,0
1505669873495,24626,10.10.0.102 CPU usage in %,,,,,true,,0,0,0,0,0,0,0
1505669873495,23929,10.10.0.103 CPU usage in %,,,,,true,,0,0,0,0,0,0,0
1505669873495,17135,10.10.0.101 CPU usage in %,,,,,true,,0,0,0,0,0,0,0
1505669874495,23989,10.10.0.102 CPU usage in %,,,,,true,,0,0,0,0,0,0,0
1505669874496,28534,10.10.0.103 CPU usage in %,,,,,true,,0,0,0,0,0,0,0
1505669874496,29846,10.10.0.101 CPU usage in %,,,,,true,,0,0,0,0,0,0,0
